redemption_id,user_id,redemption_date,product_type,amount_inr,is_correction_period
950000,NV400014,2026-05-13,Direct Stocks,6086.07,True
950001,NV400016,2026-06-18,Mutual Fund - Hybrid,1733.15,True
950002,NV400032,2026-05-10,Mutual Fund - Equity,8202.46,True
950003,NV400033,2026-02-14,ETF,5139.42,False
950004,NV400041,2026-02-11,Mutual Fund - Equity,31599.86,False
950005,NV400074,2026-03-04,Mutual Fund - Equity,11138.0,False
950006,NV400074,2026-05-05,Mutual Fund - Equity,5348.98,True
950007,NV400085,2026-01-07,Mutual Fund - Debt,5012.39,False
950008,NV400101,2026-05-16,Mutual Fund - Debt,6603.91,True
950009,NV400123,2026-03-06,Mutual Fund - Debt,4048.7,False
950010,NV400125,2026-05-15,Direct Stocks,2073.74,True
950011,NV400136,2026-05-15,Mutual Fund - Equity,7230.89,True
950012,NV400147,2026-05-12,Mutual Fund - Hybrid,2823.13,True
950013,NV400148,2026-05-07,ETF,3274.41,True
950014,NV400153,2026-02-15,Mutual Fund - Debt,1098.0,False
950015,NV400157,2026-01-21,Mutual Fund - Debt,5080.34,False
950016,NV400157,2026-02-12,Mutual Fund - Debt,1994.92,False
950017,NV400158,2026-06-03,Mutual Fund - Equity,8124.64,True
950018,NV400160,2026-05-13,Direct Stocks,9375.94,True
950019,NV400166,2026-03-20,Direct Stocks,5358.35,False
950020,NV400169,2026-04-09,ETF,4992.76,False
950021,NV400187,2026-04-08,Mutual Fund - Equity,3415.26,False
950022,NV400198,2026-07-06,Mutual Fund - Equity,3108.44,False
950023,NV400199,2026-06-05,Mutual Fund - Equity,4376.67,True
950024,NV400206,2026-01-11,Mutual Fund - Equity,32315.95,False
950025,NV400220,2026-05-21,Direct Stocks,30531.78,True
950026,NV400220,2026-07-24,Direct Stocks,2833.02,False
950027,NV400226,2026-01-04,Mutual Fund - Equity,2874.46,False
950028,NV400226,2026-05-14,Mutual Fund - Equity,1705.1,True
950029,NV400227,2026-05-14,Mutual Fund - Equity,1172.31,True
950030,NV400234,2026-07-04,Mutual Fund - Equity,2829.4,False
950031,NV400237,2026-03-06,Mutual Fund - Equity,5559.99,False
950032,NV400238,2026-05-13,Mutual Fund - Equity,4684.62,True
950033,NV400262,2026-05-09,Direct Stocks,13144.94,True
950034,NV400264,2026-07-09,Direct Stocks,3428.83,False
950035,NV400265,2026-07-16,Mutual Fund - Debt,4375.22,False
950036,NV400266,2026-07-17,Mutual Fund - Equity,12845.44,False
950037,NV400283,2026-05-18,Mutual Fund - Debt,9966.63,True
950038,NV400290,2026-05-03,Mutual Fund - Hybrid,1674.29,True
950039,NV400310,2026-02-22,Mutual Fund - Equity,2977.3,False
950040,NV400326,2026-03-17,Mutual Fund - Equity,3903.71,False
950041,NV400331,2026-03-26,ETF,35607.31,False
950042,NV400335,2026-04-18,Mutual Fund - Equity,3692.94,False
950043,NV400355,2026-03-20,ETF,8170.98,False
950044,NV400376,2026-06-17,Mutual Fund - Hybrid,12675.36,True
950045,NV400397,2026-05-21,Mutual Fund - Debt,8896.26,True
950046,NV400397,2026-06-17,Mutual Fund - Debt,1948.52,True
950047,NV400398,2026-05-13,Mutual Fund - Equity,2150.43,True
950048,NV400419,2026-07-06,Direct Stocks,9973.74,False
950049,NV400461,2026-07-11,Mutual Fund - Equity,4903.75,False
950050,NV400469,2026-03-24,Mutual Fund - Debt,3080.99,False
950051,NV400475,2026-01-04,Mutual Fund - Hybrid,6032.96,False
950052,NV400475,2026-05-10,Mutual Fund - Hybrid,3169.02,True
950053,NV400483,2026-06-11,Mutual Fund - Equity,2931.89,True
950054,NV400500,2026-02-15,Mutual Fund - Debt,2010.04,False
950055,NV400507,2026-01-11,Mutual Fund - Debt,3122.06,False
950056,NV400513,2026-05-27,ETF,3480.15,True
950057,NV400528,2026-05-02,Mutual Fund - Hybrid,2253.3,True
950058,NV400533,2026-04-12,Mutual Fund - Hybrid,1422.23,False
950059,NV400539,2026-05-02,Mutual Fund - Equity,3618.81,True
950060,NV400541,2026-04-14,Mutual Fund - Equity,4429.51,False
950061,NV400556,2026-01-08,Mutual Fund - Hybrid,2618.15,False
950062,NV400612,2026-01-12,Mutual Fund - Debt,6294.99,False
950063,NV400620,2026-01-14,Direct Stocks,15333.02,False
950064,NV400646,2026-04-07,Mutual Fund - Equity,8169.35,False
950065,NV400654,2026-01-07,Mutual Fund - Hybrid,927.13,False
950066,NV400659,2026-03-04,Mutual Fund - Equity,5366.17,False
950067,NV400670,2026-04-23,Mutual Fund - Equity,4751.99,False
950068,NV400677,2026-04-04,Mutual Fund - Equity,8263.51,False
950069,NV400678,2026-01-14,Mutual Fund - Equity,2011.54,False
950070,NV400680,2026-04-17,Direct Stocks,1703.58,False
950071,NV400685,2026-05-21,Mutual Fund - Equity,3416.46,True
950072,NV400696,2026-02-15,Direct Stocks,2435.37,False
950073,NV400729,2026-05-02,ETF,5695.65,True
950074,NV400735,2026-04-13,Mutual Fund - Hybrid,8893.69,False
950075,NV400737,2026-01-14,Direct Stocks,3772.25,False
950076,NV400742,2026-02-27,Mutual Fund - Equity,4702.18,False
950077,NV400743,2026-06-07,ETF,3969.43,True
950078,NV400750,2026-05-08,Mutual Fund - Hybrid,11865.68,True
950079,NV400759,2026-07-13,Mutual Fund - Hybrid,2171.95,False
950080,NV400771,2026-01-05,ETF,10493.38,False
950081,NV400771,2026-04-05,ETF,5454.45,False
950082,NV400778,2026-04-12,ETF,20963.9,False
950083,NV400824,2026-01-03,Mutual Fund - Debt,8221.93,False
950084,NV400825,2026-01-03,Mutual Fund - Equity,5238.26,False
950085,NV400827,2026-05-05,Mutual Fund - Equity,4940.15,True
950086,NV400827,2026-06-25,Mutual Fund - Equity,1313.88,True
950087,NV400836,2026-07-17,Direct Stocks,1501.11,False
950088,NV400841,2026-04-08,ETF,2157.35,False
950089,NV400858,2026-03-10,Mutual Fund - Hybrid,3221.97,False
950090,NV400858,2026-04-25,Mutual Fund - Hybrid,2275.6,False
950091,NV400864,2026-02-04,Mutual Fund - Equity,870.21,False
950092,NV400871,2026-03-17,Mutual Fund - Equity,13144.44,False
950093,NV400899,2026-01-10,Mutual Fund - Equity,2110.89,False
950094,NV400926,2026-03-16,Mutual Fund - Equity,11734.21,False
950095,NV400926,2026-05-02,Mutual Fund - Equity,7731.85,True
950096,NV400979,2026-01-04,Mutual Fund - Debt,7206.02,False
950097,NV401009,2026-02-22,Mutual Fund - Debt,2284.49,False
950098,NV401026,2026-05-08,Direct Stocks,4227.13,True
950099,NV401051,2026-05-17,Mutual Fund - Hybrid,1589.79,True
950100,NV401066,2026-07-06,Mutual Fund - Equity,1958.5,False
950101,NV401072,2026-05-18,Mutual Fund - Hybrid,4116.76,True
950102,NV401075,2026-03-17,Mutual Fund - Equity,951.74,False
950103,NV401111,2026-01-16,Mutual Fund - Equity,6294.42,False
950104,NV401129,2026-02-27,Mutual Fund - Hybrid,5707.23,False
950105,NV401135,2026-03-22,Mutual Fund - Debt,1657.61,False
950106,NV401144,2026-04-23,Mutual Fund - Equity,3854.06,False
950107,NV401144,2026-05-23,Mutual Fund - Equity,5304.54,True
950108,NV401147,2026-07-01,Mutual Fund - Debt,3213.14,False
950109,NV401158,2026-02-02,Mutual Fund - Equity,3404.24,False
950110,NV401176,2026-05-14,Mutual Fund - Debt,4034.14,True
950111,NV401177,2026-05-11,Mutual Fund - Hybrid,1761.77,True
950112,NV401188,2026-01-01,Mutual Fund - Equity,2450.16,False
950113,NV401204,2026-03-07,Mutual Fund - Debt,1861.78,False
950114,NV401212,2026-01-27,Mutual Fund - Equity,10996.39,False
950115,NV401213,2026-04-18,Direct Stocks,12006.44,False
950116,NV401214,2026-07-01,Direct Stocks,3941.04,False
950117,NV401222,2026-04-16,Mutual Fund - Equity,2300.6,False
950118,NV401238,2026-07-07,Direct Stocks,1454.91,False
950119,NV401240,2026-03-03,Mutual Fund - Equity,3429.77,False
950120,NV401247,2026-07-27,Mutual Fund - Equity,3596.88,False
950121,NV401251,2026-01-07,Mutual Fund - Equity,4032.95,False
950122,NV401277,2026-03-16,Mutual Fund - Equity,9301.21,False
950123,NV401291,2026-06-11,Mutual Fund - Equity,3852.47,True
950124,NV401293,2026-05-27,Mutual Fund - Equity,5285.58,True
950125,NV401299,2026-03-15,Direct Stocks,3400.51,False
950126,NV401308,2026-02-07,Mutual Fund - Debt,2846.53,False
950127,NV401316,2026-05-11,Mutual Fund - Hybrid,8566.1,True
950128,NV401323,2026-02-09,Mutual Fund - Equity,1046.78,False
950129,NV401327,2026-03-25,Mutual Fund - Hybrid,3860.85,False
950130,NV401329,2026-05-01,Mutual Fund - Debt,10329.11,True
950131,NV401331,2026-05-12,Mutual Fund - Equity,3622.71,True
950132,NV401334,2026-01-25,Mutual Fund - Debt,1515.87,False
950133,NV401347,2026-04-05,Mutual Fund - Debt,4730.33,False
950134,NV401352,2026-01-05,Mutual Fund - Equity,4961.89,False
950135,NV401352,2026-05-19,Mutual Fund - Equity,3110.09,True
950136,NV401367,2026-04-20,ETF,2586.2,False
950137,NV401370,2026-07-21,Mutual Fund - Equity,4801.27,False
950138,NV401382,2026-04-23,Mutual Fund - Debt,4017.86,False
950139,NV401388,2026-05-14,Direct Stocks,8179.32,True
950140,NV401392,2026-03-21,Direct Stocks,4272.95,False
950141,NV401395,2026-03-27,Mutual Fund - Equity,6935.29,False
950142,NV401402,2026-05-03,Mutual Fund - Equity,6959.38,True
950143,NV401418,2026-05-12,Mutual Fund - Debt,5443.43,True
950144,NV401427,2026-04-01,Mutual Fund - Hybrid,4986.8,False
950145,NV401427,2026-06-09,Mutual Fund - Hybrid,23068.77,True
950146,NV401428,2026-02-03,Mutual Fund - Hybrid,7069.72,False
950147,NV401429,2026-03-18,Mutual Fund - Equity,3096.72,False
950148,NV401445,2026-05-14,ETF,3663.69,True
950149,NV401447,2026-05-10,ETF,2552.18,True
950150,NV401451,2026-01-24,Mutual Fund - Equity,2066.57,False
950151,NV401453,2026-06-20,Mutual Fund - Equity,1754.6,True
950152,NV401457,2026-02-16,Mutual Fund - Equity,7280.33,False
950153,NV401459,2026-04-22,Mutual Fund - Debt,7583.89,False
950154,NV401465,2026-02-06,Direct Stocks,13080.35,False
950155,NV401471,2026-02-10,Mutual Fund - Equity,2849.89,False
950156,NV401474,2026-06-10,Mutual Fund - Hybrid,2017.88,True
950157,NV401484,2026-02-09,Mutual Fund - Equity,4145.31,False
950158,NV401489,2026-01-11,Direct Stocks,3097.64,False
950159,NV401521,2026-01-19,Mutual Fund - Equity,10300.6,False
950160,NV401532,2026-01-17,ETF,5682.0,False
950161,NV401532,2026-05-01,ETF,4031.81,True
950162,NV401549,2026-04-23,Mutual Fund - Debt,7560.54,False
950163,NV401551,2026-05-14,Mutual Fund - Equity,9159.91,True
950164,NV401567,2026-02-26,Direct Stocks,2664.19,False
950165,NV401568,2026-05-22,Mutual Fund - Equity,2271.62,True
950166,NV401568,2026-07-11,Mutual Fund - Equity,5054.15,False
950167,NV401591,2026-02-14,Mutual Fund - Equity,7000.05,False
950168,NV401594,2026-05-11,Mutual Fund - Equity,10027.92,True
950169,NV401597,2026-07-01,Direct Stocks,3325.47,False
950170,NV401617,2026-06-20,Mutual Fund - Debt,4463.71,True
950171,NV401620,2026-01-22,Direct Stocks,2989.26,False
950172,NV401623,2026-01-19,Mutual Fund - Equity,673.74,False
950173,NV401628,2026-05-01,Mutual Fund - Equity,3476.12,True
950174,NV401631,2026-01-12,Mutual Fund - Debt,1481.74,False
950175,NV401632,2026-03-20,Direct Stocks,1457.68,False
950176,NV401636,2026-06-07,Mutual Fund - Equity,3007.37,True
950177,NV401641,2026-06-27,Direct Stocks,3952.55,True
950178,NV401661,2026-04-19,Mutual Fund - Hybrid,3784.51,False
950179,NV401671,2026-04-26,ETF,22244.41,False
950180,NV401671,2026-06-04,ETF,17509.45,True
950181,NV401687,2026-06-04,ETF,8226.21,True
950182,NV401692,2026-02-04,Mutual Fund - Hybrid,3159.01,False
950183,NV401702,2026-02-25,Direct Stocks,3437.27,False
950184,NV401702,2026-04-07,Direct Stocks,10612.13,False
950185,NV401716,2026-04-24,ETF,2321.39,False
950186,NV401749,2026-05-09,ETF,3468.89,True
950187,NV401749,2026-06-06,ETF,9272.05,True
950188,NV401784,2026-02-07,Mutual Fund - Equity,3111.88,False
950189,NV401786,2026-03-11,Mutual Fund - Equity,3245.38,False
950190,NV401789,2026-04-04,Mutual Fund - Equity,3304.98,False
950191,NV401819,2026-06-14,Direct Stocks,7038.77,True
950192,NV401829,2026-07-15,Mutual Fund - Equity,6767.48,False
950193,NV401846,2026-06-04,Mutual Fund - Equity,11477.68,True
950194,NV401848,2026-02-01,Mutual Fund - Debt,5170.69,False
950195,NV401859,2026-05-24,Mutual Fund - Equity,6904.35,True
950196,NV401867,2026-05-09,Mutual Fund - Equity,8033.33,True
950197,NV401872,2026-07-10,ETF,4177.93,False
950198,NV401876,2026-07-23,Mutual Fund - Hybrid,3181.85,False
950199,NV401883,2026-03-22,Mutual Fund - Equity,3322.23,False
950200,NV401883,2026-05-01,Mutual Fund - Equity,4146.61,True
950201,NV401890,2026-06-14,Mutual Fund - Equity,11653.63,True
950202,NV401893,2026-02-03,Mutual Fund - Debt,3637.05,False
950203,NV401894,2026-06-13,Mutual Fund - Equity,8204.29,True
950204,NV401897,2026-05-01,Mutual Fund - Hybrid,9087.06,True
950205,NV401898,2026-06-22,Mutual Fund - Debt,2570.98,True
950206,NV401899,2026-04-02,ETF,4406.43,False
950207,NV401907,2026-02-27,Mutual Fund - Equity,32979.53,False
950208,NV401924,2026-06-15,Mutual Fund - Equity,1421.4,True
950209,NV401960,2026-05-26,Mutual Fund - Equity,2498.54,True
950210,NV401965,2026-06-14,Mutual Fund - Debt,1804.69,True
950211,NV401976,2026-05-09,Mutual Fund - Hybrid,5390.07,True
950212,NV402010,2026-03-15,Direct Stocks,2129.67,False
950213,NV402028,2026-05-10,Mutual Fund - Debt,4918.65,True
950214,NV402041,2026-06-21,ETF,13353.74,True
950215,NV402043,2026-04-25,Mutual Fund - Equity,2458.31,False
950216,NV402048,2026-05-07,Mutual Fund - Equity,6568.36,True
950217,NV402050,2026-07-05,ETF,4001.32,False
950218,NV402059,2026-04-21,Mutual Fund - Hybrid,8225.54,False
950219,NV402062,2026-05-03,ETF,5185.0,True
950220,NV402065,2026-05-10,ETF,4157.84,True
950221,NV402095,2026-02-16,Mutual Fund - Equity,5692.96,False
950222,NV402103,2026-02-15,Mutual Fund - Equity,1921.0,False
950223,NV402106,2026-05-01,Mutual Fund - Equity,12381.46,True
950224,NV402126,2026-02-20,Mutual Fund - Equity,4090.65,False
950225,NV402126,2026-04-27,Mutual Fund - Equity,2607.08,False
950226,NV402131,2026-07-12,Mutual Fund - Equity,2013.16,False
950227,NV402137,2026-06-19,Direct Stocks,4596.64,True
950228,NV402163,2026-07-18,Mutual Fund - Equity,11355.78,False
950229,NV402167,2026-03-01,Mutual Fund - Debt,11454.13,False
950230,NV402167,2026-05-08,Mutual Fund - Debt,5668.94,True
950231,NV402181,2026-05-20,Mutual Fund - Equity,10419.7,True
950232,NV402182,2026-05-22,Mutual Fund - Equity,6797.49,True
950233,NV402196,2026-05-02,Mutual Fund - Equity,8367.96,True
950234,NV402198,2026-06-02,ETF,5293.55,True
950235,NV402214,2026-06-09,Mutual Fund - Hybrid,5097.64,True
950236,NV402237,2026-05-18,Mutual Fund - Hybrid,7608.02,True
950237,NV402255,2026-06-07,Mutual Fund - Debt,5200.75,True
950238,NV402268,2026-05-06,Mutual Fund - Debt,2564.35,True
950239,NV402269,2026-05-26,Mutual Fund - Hybrid,7021.92,True
950240,NV402292,2026-05-18,Mutual Fund - Equity,8496.95,True
950241,NV402300,2026-03-07,Mutual Fund - Equity,4848.96,False
950242,NV402300,2026-07-01,Mutual Fund - Equity,2183.44,False
950243,NV402305,2026-06-26,Mutual Fund - Hybrid,10148.95,True
950244,NV402346,2026-07-13,Mutual Fund - Debt,21287.28,False
950245,NV402355,2026-03-24,Direct Stocks,4277.14,False
950246,NV402367,2026-04-24,Mutual Fund - Equity,2775.18,False
950247,NV402377,2026-05-27,Mutual Fund - Equity,2125.36,True
950248,NV402425,2026-07-02,Mutual Fund - Debt,2171.0,False
950249,NV402428,2026-03-08,Mutual Fund - Hybrid,8917.08,False
950250,NV402430,2026-04-06,Direct Stocks,1737.2,False
950251,NV402430,2026-06-03,Direct Stocks,3020.42,True
950252,NV402437,2026-06-23,Direct Stocks,2552.66,True
950253,NV402441,2026-05-21,Mutual Fund - Hybrid,6551.67,True
950254,NV402442,2026-04-07,Mutual Fund - Equity,6576.41,False
950255,NV402442,2026-05-04,Mutual Fund - Equity,10220.15,True
950256,NV402447,2026-04-25,Mutual Fund - Equity,2221.03,False
950257,NV402471,2026-03-13,Mutual Fund - Equity,16575.01,False
950258,NV402486,2026-06-24,Mutual Fund - Equity,4679.14,True
950259,NV402504,2026-02-04,Mutual Fund - Equity,4561.88,False
950260,NV402546,2026-02-27,ETF,5922.44,False
950261,NV402546,2026-06-23,ETF,4054.06,True
950262,NV402559,2026-05-20,Mutual Fund - Equity,4678.13,True
950263,NV402566,2026-05-19,Direct Stocks,1924.07,True
950264,NV402567,2026-05-11,Mutual Fund - Equity,1117.83,True
950265,NV402594,2026-05-07,Direct Stocks,5977.2,True
950266,NV402617,2026-05-04,ETF,5004.7,True
950267,NV402628,2026-02-10,Mutual Fund - Equity,2883.28,False
950268,NV402636,2026-06-23,Mutual Fund - Equity,5842.33,True
950269,NV402646,2026-07-11,Mutual Fund - Equity,10049.79,False
950270,NV402648,2026-05-13,Mutual Fund - Debt,4828.47,True
950271,NV402649,2026-03-22,Mutual Fund - Equity,3798.76,False
950272,NV402656,2026-07-06,Mutual Fund - Equity,12609.31,False
950273,NV402661,2026-04-27,Mutual Fund - Equity,13921.19,False
950274,NV402667,2026-04-11,Direct Stocks,6185.42,False
950275,NV402670,2026-05-26,Mutual Fund - Hybrid,5612.8,True
950276,NV402709,2026-03-04,ETF,15093.46,False
950277,NV402746,2026-05-11,ETF,1807.44,True
950278,NV402748,2026-05-17,Direct Stocks,9104.66,True
950279,NV402752,2026-04-08,Mutual Fund - Equity,5451.66,False
950280,NV402782,2026-05-10,Direct Stocks,5039.19,True
950281,NV402785,2026-05-18,Mutual Fund - Equity,14659.1,True
950282,NV402808,2026-06-17,Mutual Fund - Equity,5013.25,True
950283,NV402816,2026-02-06,Mutual Fund - Debt,6241.24,False
950284,NV402816,2026-07-10,Mutual Fund - Debt,2988.68,False
950285,NV402817,2026-02-02,Mutual Fund - Hybrid,3210.43,False
950286,NV402830,2026-02-22,Mutual Fund - Debt,6768.83,False
950287,NV402844,2026-05-09,Mutual Fund - Equity,1427.04,True
950288,NV402859,2026-03-12,Direct Stocks,3692.78,False
950289,NV402864,2026-05-25,Mutual Fund - Hybrid,1644.45,True
950290,NV402871,2026-06-16,Mutual Fund - Debt,3675.72,True
950291,NV402905,2026-04-16,Direct Stocks,9358.69,False
950292,NV402923,2026-07-17,ETF,2793.33,False
950293,NV402932,2026-04-24,Direct Stocks,6623.15,False
950294,NV402932,2026-05-25,Direct Stocks,6023.97,True
950295,NV402934,2026-06-24,ETF,4909.74,True
950296,NV402937,2026-06-23,Direct Stocks,3149.25,True
950297,NV402938,2026-03-02,Direct Stocks,21785.18,False
950298,NV402947,2026-02-19,Mutual Fund - Equity,7111.95,False
950299,NV402976,2026-07-04,Direct Stocks,12160.08,False
950300,NV402978,2026-06-12,Mutual Fund - Hybrid,5729.96,True
950301,NV402981,2026-05-06,Mutual Fund - Hybrid,11646.26,True
950302,NV402997,2026-06-01,Mutual Fund - Equity,6437.21,True
950303,NV403009,2026-06-27,Mutual Fund - Equity,8042.04,True
950304,NV403011,2026-05-05,ETF,7447.44,True
950305,NV403033,2026-04-21,Mutual Fund - Equity,3030.05,False
950306,NV403033,2026-06-07,Mutual Fund - Equity,4854.71,True
950307,NV403064,2026-06-07,Mutual Fund - Equity,1622.68,True
950308,NV403066,2026-05-14,Mutual Fund - Equity,1651.89,True
950309,NV403075,2026-07-16,Mutual Fund - Equity,4361.88,False
950310,NV403077,2026-05-06,Mutual Fund - Equity,7357.89,True
950311,NV403081,2026-04-17,Mutual Fund - Equity,21626.46,False
950312,NV403081,2026-06-21,Mutual Fund - Equity,3673.01,True
950313,NV403104,2026-02-09,Mutual Fund - Hybrid,6571.25,False
950314,NV403118,2026-03-08,Mutual Fund - Hybrid,3864.46,False
950315,NV403122,2026-04-09,Direct Stocks,5456.23,False
950316,NV403134,2026-05-08,Mutual Fund - Debt,4555.45,True
950317,NV403144,2026-04-25,Mutual Fund - Hybrid,6415.69,False
950318,NV403144,2026-06-09,Mutual Fund - Hybrid,1931.16,True
950319,NV403153,2026-05-01,Direct Stocks,3767.89,True
950320,NV403162,2026-03-11,ETF,1774.07,False
950321,NV403172,2026-06-13,Mutual Fund - Equity,633.75,True
950322,NV403182,2026-04-25,Mutual Fund - Debt,2626.76,False
950323,NV403183,2026-05-20,Mutual Fund - Equity,6157.97,True
950324,NV403189,2026-05-17,Mutual Fund - Equity,3933.44,True
950325,NV403196,2026-07-11,Mutual Fund - Equity,3074.32,False
950326,NV403205,2026-02-06,Mutual Fund - Hybrid,4479.79,False
950327,NV403205,2026-06-20,Mutual Fund - Hybrid,8616.77,True
950328,NV403260,2026-05-01,Mutual Fund - Hybrid,13000.92,True
950329,NV403270,2026-06-03,Mutual Fund - Equity,7317.23,True
950330,NV403272,2026-06-19,Mutual Fund - Hybrid,3610.77,True
950331,NV403277,2026-05-20,Direct Stocks,5381.12,True
950332,NV403279,2026-05-04,Mutual Fund - Equity,3142.83,True
950333,NV403308,2026-06-10,Mutual Fund - Equity,8789.64,True
950334,NV403316,2026-03-17,Mutual Fund - Equity,5815.34,False
950335,NV403316,2026-05-06,Mutual Fund - Equity,10625.03,True
950336,NV403322,2026-06-27,Mutual Fund - Equity,6452.77,True
950337,NV403322,2026-07-15,Mutual Fund - Equity,3386.58,False
950338,NV403330,2026-05-16,Mutual Fund - Debt,7189.73,True
950339,NV403333,2026-06-13,Mutual Fund - Equity,9030.98,True
950340,NV403358,2026-03-10,Mutual Fund - Debt,7100.63,False
950341,NV403374,2026-06-21,Mutual Fund - Equity,1744.62,True
950342,NV403385,2026-06-01,Mutual Fund - Equity,20960.03,True
950343,NV403391,2026-02-11,Mutual Fund - Equity,5128.84,False
950344,NV403397,2026-06-27,Mutual Fund - Equity,9594.34,True
950345,NV403398,2026-04-13,Mutual Fund - Debt,2610.77,False
950346,NV403402,2026-05-06,Mutual Fund - Equity,2638.53,True
950347,NV403432,2026-04-04,Mutual Fund - Equity,1308.01,False
950348,NV403444,2026-02-19,Mutual Fund - Equity,2828.1,False
950349,NV403459,2026-06-11,Mutual Fund - Hybrid,7297.98,True
950350,NV403470,2026-05-17,Mutual Fund - Equity,7497.68,True
950351,NV403533,2026-05-21,Mutual Fund - Equity,1480.01,True
950352,NV403536,2026-07-23,Mutual Fund - Equity,2501.25,False
950353,NV403547,2026-05-22,Mutual Fund - Equity,2231.39,True
950354,NV403562,2026-07-22,Mutual Fund - Equity,7447.72,False
950355,NV403567,2026-03-02,Mutual Fund - Equity,3555.28,False
950356,NV403569,2026-07-02,Mutual Fund - Equity,6863.93,False
950357,NV403580,2026-05-02,ETF,4668.29,True
950358,NV403592,2026-04-22,Mutual Fund - Equity,2241.9,False
950359,NV403598,2026-07-27,Mutual Fund - Equity,1045.52,False
950360,NV403617,2026-05-26,Mutual Fund - Debt,4282.37,True
950361,NV403617,2026-06-02,Mutual Fund - Debt,16386.1,True
950362,NV403619,2026-03-22,ETF,1356.02,False
950363,NV403621,2026-05-12,Direct Stocks,4484.52,True
950364,NV403624,2026-02-05,Mutual Fund - Equity,2070.77,False
950365,NV403651,2026-02-07,ETF,709.57,False
950366,NV403660,2026-03-17,ETF,3512.5,False
950367,NV403665,2026-04-05,Mutual Fund - Equity,3652.93,False
950368,NV403665,2026-06-19,Mutual Fund - Equity,7374.95,True
950369,NV403678,2026-03-17,Direct Stocks,3194.47,False
950370,NV403681,2026-05-21,Mutual Fund - Debt,5541.43,True
950371,NV403682,2026-03-13,Direct Stocks,3563.96,False
950372,NV403682,2026-05-12,Direct Stocks,2702.9,True
950373,NV403699,2026-03-04,Direct Stocks,1812.53,False
950374,NV403707,2026-07-05,Mutual Fund - Equity,7826.05,False
950375,NV403709,2026-06-02,Direct Stocks,3491.02,True
950376,NV403722,2026-06-01,Mutual Fund - Equity,4145.97,True
950377,NV403723,2026-05-25,Mutual Fund - Equity,5532.15,True
950378,NV403725,2026-05-18,Mutual Fund - Hybrid,9084.05,True
950379,NV403766,2026-05-16,Mutual Fund - Hybrid,8356.36,True
950380,NV403771,2026-06-23,Mutual Fund - Equity,6484.16,True
950381,NV403774,2026-04-11,Mutual Fund - Debt,7942.24,False
950382,NV403774,2026-05-12,Mutual Fund - Debt,2198.57,True
950383,NV403777,2026-05-15,Mutual Fund - Equity,5916.39,True
950384,NV403782,2026-06-21,Mutual Fund - Equity,8386.96,True
950385,NV403787,2026-07-27,Mutual Fund - Equity,9653.9,False
950386,NV403805,2026-07-19,Mutual Fund - Equity,8829.76,False
950387,NV403813,2026-03-14,Mutual Fund - Equity,8692.16,False
950388,NV403813,2026-05-21,Mutual Fund - Equity,3671.33,True
950389,NV403814,2026-05-21,Mutual Fund - Debt,2661.19,True
950390,NV403827,2026-05-02,Mutual Fund - Debt,4853.92,True
950391,NV403839,2026-05-01,Mutual Fund - Equity,4219.16,True
950392,NV403850,2026-05-27,ETF,6482.11,True
950393,NV403853,2026-05-12,Mutual Fund - Equity,10757.36,True
950394,NV403873,2026-05-16,Mutual Fund - Equity,3425.09,True
950395,NV403900,2026-07-18,Mutual Fund - Equity,8773.88,False
950396,NV403911,2026-05-06,Mutual Fund - Debt,5029.55,True
950397,NV403912,2026-05-08,Mutual Fund - Debt,2143.37,True
950398,NV403919,2026-05-27,Mutual Fund - Equity,4990.39,True
950399,NV403940,2026-05-18,ETF,3741.74,True
950400,NV403955,2026-03-15,Mutual Fund - Equity,2134.16,False
950401,NV403957,2026-04-05,Mutual Fund - Equity,11602.84,False
950402,NV403964,2026-05-20,ETF,2637.62,True
950403,NV403971,2026-07-03,Mutual Fund - Equity,4898.35,False
950404,NV403984,2026-06-20,Mutual Fund - Equity,4085.39,True
950405,NV403987,2026-07-04,Mutual Fund - Debt,3290.87,False
950406,NV404040,2026-04-04,Mutual Fund - Equity,5763.75,False
950407,NV404042,2026-04-13,Mutual Fund - Debt,13449.47,False
950408,NV404042,2026-06-12,Mutual Fund - Debt,3355.26,True
950409,NV404066,2026-05-02,Direct Stocks,11067.74,True
950410,NV404074,2026-05-09,Mutual Fund - Equity,3337.96,True
950411,NV404076,2026-05-16,Direct Stocks,4009.02,True
950412,NV404102,2026-03-25,Mutual Fund - Equity,18543.59,False
950413,NV404109,2026-06-16,Mutual Fund - Equity,7343.79,True
950414,NV404112,2026-07-03,Mutual Fund - Equity,6881.66,False
950415,NV404113,2026-07-05,Mutual Fund - Debt,2262.94,False
950416,NV404125,2026-05-03,Mutual Fund - Equity,731.49,True
950417,NV404130,2026-04-15,Mutual Fund - Equity,3448.17,False
950418,NV404139,2026-07-24,Mutual Fund - Equity,6397.56,False
950419,NV404155,2026-03-10,Mutual Fund - Equity,1522.18,False
950420,NV404172,2026-06-06,Direct Stocks,3861.03,True
950421,NV404176,2026-06-22,Mutual Fund - Equity,7842.99,True
950422,NV404181,2026-03-09,Mutual Fund - Equity,1423.22,False
950423,NV404192,2026-05-08,Direct Stocks,1112.82,True
950424,NV404205,2026-06-09,Mutual Fund - Equity,8192.22,True
950425,NV404208,2026-04-02,Mutual Fund - Equity,1643.12,False
950426,NV404219,2026-06-08,Mutual Fund - Equity,2589.28,True
950427,NV404224,2026-06-02,Mutual Fund - Debt,3242.75,True
950428,NV404247,2026-04-21,Mutual Fund - Equity,3383.98,False
950429,NV404259,2026-03-09,Mutual Fund - Equity,8871.48,False
950430,NV404329,2026-05-10,Mutual Fund - Debt,3329.11,True
950431,NV404340,2026-04-23,Mutual Fund - Hybrid,1853.62,False
950432,NV404361,2026-03-14,Mutual Fund - Debt,2506.76,False
950433,NV404371,2026-05-13,Mutual Fund - Equity,3921.83,True
950434,NV404379,2026-04-20,Direct Stocks,3667.05,False
950435,NV404409,2026-03-18,Mutual Fund - Hybrid,13630.62,False
950436,NV404409,2026-05-26,Mutual Fund - Hybrid,6877.35,True
950437,NV404422,2026-05-07,Direct Stocks,2440.46,True
950438,NV404451,2026-03-15,Mutual Fund - Equity,13173.95,False
950439,NV404455,2026-05-10,Mutual Fund - Equity,1830.76,True
950440,NV404466,2026-06-11,Direct Stocks,1687.7,True
950441,NV404473,2026-04-13,Direct Stocks,2287.2,False
950442,NV404473,2026-06-02,Direct Stocks,6792.96,True
950443,NV404488,2026-06-07,Mutual Fund - Equity,2301.96,True
950444,NV404494,2026-04-03,Mutual Fund - Equity,4915.37,False
950445,NV404521,2026-03-15,Mutual Fund - Equity,6559.36,False
950446,NV404523,2026-07-15,Mutual Fund - Hybrid,3603.27,False
950447,NV404548,2026-03-27,ETF,3470.87,False
950448,NV404548,2026-05-25,ETF,1781.58,True
950449,NV404558,2026-04-13,Mutual Fund - Debt,3501.63,False
950450,NV404565,2026-07-25,Mutual Fund - Hybrid,3041.01,False
950451,NV404566,2026-06-24,Mutual Fund - Hybrid,17691.99,True
950452,NV404598,2026-05-19,Mutual Fund - Equity,4609.28,True
950453,NV404606,2026-05-03,Mutual Fund - Debt,3900.99,True
950454,NV404606,2026-06-11,Mutual Fund - Debt,2303.91,True
950455,NV404627,2026-05-23,Mutual Fund - Debt,6561.05,True
950456,NV404644,2026-05-02,Direct Stocks,2997.7,True
950457,NV404659,2026-04-09,Mutual Fund - Equity,6153.08,False
950458,NV404661,2026-05-26,Mutual Fund - Debt,15734.58,True
950459,NV404661,2026-06-15,Mutual Fund - Debt,2254.6,True
950460,NV404670,2026-04-09,Mutual Fund - Equity,3080.23,False
950461,NV404673,2026-03-11,Mutual Fund - Equity,6393.31,False
950462,NV404701,2026-05-06,Mutual Fund - Equity,2862.24,True
950463,NV404701,2026-06-23,Mutual Fund - Equity,3444.73,True
950464,NV404702,2026-07-02,Mutual Fund - Equity,2933.61,False
950465,NV404703,2026-05-11,Mutual Fund - Hybrid,10346.66,True
950466,NV404703,2026-07-14,Mutual Fund - Hybrid,6725.63,False
950467,NV404711,2026-04-25,Mutual Fund - Equity,4344.02,False
950468,NV404712,2026-03-19,ETF,7211.05,False
950469,NV404719,2026-06-09,ETF,5272.07,True
950470,NV404742,2026-05-25,Mutual Fund - Equity,7171.51,True
950471,NV404771,2026-05-27,Mutual Fund - Debt,2987.16,True
950472,NV404794,2026-03-07,Mutual Fund - Hybrid,3241.03,False
950473,NV404796,2026-06-16,Mutual Fund - Equity,3523.33,True
950474,NV404796,2026-07-24,Mutual Fund - Equity,8373.53,False
950475,NV404800,2026-05-05,Mutual Fund - Debt,5784.0,True
950476,NV404803,2026-04-03,Mutual Fund - Equity,8312.92,False
950477,NV404812,2026-05-20,Mutual Fund - Hybrid,5232.6,True
950478,NV404818,2026-05-23,Mutual Fund - Equity,3915.88,True
950479,NV404853,2026-03-04,Direct Stocks,7123.31,False
950480,NV404863,2026-03-20,Mutual Fund - Equity,12504.63,False
950481,NV404867,2026-05-25,Mutual Fund - Debt,5667.82,True
950482,NV404873,2026-06-08,Mutual Fund - Equity,3198.54,True
950483,NV404877,2026-05-10,ETF,8217.46,True
950484,NV404889,2026-05-17,Mutual Fund - Hybrid,2325.23,True
950485,NV404899,2026-05-27,Direct Stocks,3920.01,True
950486,NV404904,2026-05-10,ETF,2210.85,True
950487,NV404980,2026-07-26,Mutual Fund - Debt,3501.74,False
950488,NV404985,2026-06-23,Direct Stocks,11352.94,True
950489,NV404988,2026-04-12,Mutual Fund - Debt,4110.36,False
950490,NV405017,2026-05-19,Mutual Fund - Debt,2570.5,True
950491,NV405040,2026-06-23,ETF,6340.08,True
950492,NV405048,2026-05-05,Direct Stocks,2810.7,True
950493,NV405073,2026-04-05,Direct Stocks,1827.9,False
950494,NV405155,2026-04-22,Mutual Fund - Equity,3570.48,False
950495,NV405164,2026-05-04,Mutual Fund - Hybrid,2750.3,True
950496,NV405170,2026-05-16,Mutual Fund - Equity,2341.84,True
950497,NV405170,2026-07-21,Mutual Fund - Equity,2442.88,False
950498,NV405193,2026-06-13,Mutual Fund - Hybrid,3711.07,True
950499,NV405197,2026-06-17,Mutual Fund - Equity,2242.99,True
950500,NV405205,2026-05-25,Direct Stocks,3390.3,True
950501,NV405205,2026-07-27,Direct Stocks,2748.32,False
950502,NV405206,2026-07-13,Mutual Fund - Debt,5215.4,False
950503,NV405214,2026-05-09,ETF,4857.15,True
950504,NV405214,2026-06-06,ETF,11526.15,True
950505,NV405216,2026-04-03,Mutual Fund - Equity,11046.64,False
950506,NV405217,2026-05-22,Direct Stocks,2684.48,True
950507,NV405253,2026-04-27,Mutual Fund - Hybrid,2382.24,False
950508,NV405263,2026-06-10,Mutual Fund - Hybrid,7251.78,True
950509,NV405268,2026-07-19,Mutual Fund - Equity,4553.7,False
950510,NV405279,2026-03-24,Mutual Fund - Equity,2917.59,False
950511,NV405292,2026-07-05,Mutual Fund - Equity,4175.91,False
950512,NV405314,2026-05-14,Mutual Fund - Hybrid,1921.21,True
950513,NV405326,2026-04-20,Mutual Fund - Equity,19381.91,False
950514,NV405328,2026-05-07,ETF,5637.85,True
950515,NV405334,2026-06-24,ETF,8820.18,True
950516,NV405335,2026-07-21,Mutual Fund - Debt,6735.4,False
950517,NV405343,2026-05-23,Mutual Fund - Debt,1716.83,True
950518,NV405347,2026-06-19,Mutual Fund - Equity,4273.84,True
950519,NV405351,2026-05-06,Mutual Fund - Equity,1402.98,True
950520,NV405361,2026-05-03,Mutual Fund - Hybrid,3915.26,True
950521,NV405368,2026-03-16,Mutual Fund - Equity,2038.34,False
950522,NV405377,2026-05-02,Mutual Fund - Debt,10816.54,True
950523,NV405382,2026-07-20,Direct Stocks,1582.35,False
950524,NV405424,2026-07-27,Mutual Fund - Equity,2283.08,False
950525,NV405425,2026-07-14,Mutual Fund - Equity,1084.22,False
950526,NV405444,2026-07-24,Direct Stocks,4697.04,False
950527,NV405451,2026-03-27,Mutual Fund - Hybrid,791.14,False
950528,NV405474,2026-06-08,Mutual Fund - Equity,3934.35,True
950529,NV405479,2026-03-22,Direct Stocks,7271.74,False
950530,NV405498,2026-05-24,Mutual Fund - Equity,1130.82,True
950531,NV405503,2026-04-24,Mutual Fund - Debt,1631.45,False
950532,NV405508,2026-04-01,Mutual Fund - Equity,4661.37,False
950533,NV405524,2026-06-12,Direct Stocks,10132.22,True
950534,NV405527,2026-06-11,Mutual Fund - Hybrid,3675.09,True
950535,NV405538,2026-05-10,Mutual Fund - Equity,4120.27,True
950536,NV405546,2026-06-19,Mutual Fund - Equity,1494.09,True
950537,NV405551,2026-06-06,Mutual Fund - Debt,3747.16,True
950538,NV405557,2026-04-09,ETF,2794.05,False
950539,NV405574,2026-05-20,Direct Stocks,1105.83,True
950540,NV405584,2026-07-23,Mutual Fund - Equity,7029.84,False
950541,NV405599,2026-04-03,Mutual Fund - Equity,1716.19,False
950542,NV405624,2026-06-04,Mutual Fund - Debt,8267.04,True
950543,NV405672,2026-06-05,ETF,9901.89,True
950544,NV405696,2026-05-08,Mutual Fund - Equity,1909.95,True
950545,NV405710,2026-06-08,Direct Stocks,6371.81,True
950546,NV405715,2026-03-16,Mutual Fund - Hybrid,16571.48,False
950547,NV405735,2026-07-27,Mutual Fund - Hybrid,3880.99,False
950548,NV405759,2026-07-23,Direct Stocks,6847.51,False
950549,NV405764,2026-06-25,Mutual Fund - Equity,2125.7,True
950550,NV405775,2026-05-21,ETF,1233.42,True
950551,NV405776,2026-05-26,Mutual Fund - Equity,14473.21,True
950552,NV405776,2026-06-04,Mutual Fund - Equity,4234.57,True
950553,NV405783,2026-04-12,Mutual Fund - Equity,3551.98,False
950554,NV405803,2026-03-16,ETF,4355.57,False
950555,NV405804,2026-06-04,Mutual Fund - Debt,4603.15,True
950556,NV405812,2026-04-09,Mutual Fund - Equity,911.1,False
950557,NV405823,2026-03-26,Mutual Fund - Equity,3576.73,False
950558,NV405831,2026-05-02,Mutual Fund - Equity,5523.53,True
950559,NV405840,2026-04-26,Mutual Fund - Hybrid,2131.85,False
950560,NV405866,2026-07-11,Mutual Fund - Equity,2111.12,False
950561,NV405869,2026-06-04,Mutual Fund - Equity,22543.6,True
950562,NV405877,2026-03-26,Mutual Fund - Debt,1590.99,False
950563,NV405888,2026-03-08,Mutual Fund - Equity,5684.06,False
950564,NV405908,2026-07-16,Mutual Fund - Hybrid,3581.03,False
950565,NV405941,2026-05-03,ETF,8406.2,True
950566,NV405941,2026-07-08,ETF,5389.41,False
950567,NV405945,2026-06-13,Mutual Fund - Debt,3798.94,True
950568,NV405947,2026-05-11,Direct Stocks,2756.25,True
950569,NV405947,2026-06-01,Direct Stocks,3142.23,True
950570,NV405969,2026-05-04,Mutual Fund - Hybrid,6985.6,True
950571,NV405972,2026-05-27,Mutual Fund - Debt,8371.14,True
950572,NV405974,2026-03-13,Mutual Fund - Equity,2208.98,False
950573,NV405983,2026-06-07,Mutual Fund - Hybrid,7176.19,True
950574,NV406023,2026-04-16,Direct Stocks,1871.3,False
950575,NV406074,2026-05-14,Direct Stocks,3967.61,True
950576,NV406081,2026-04-03,Mutual Fund - Equity,2109.74,False
950577,NV406094,2026-05-07,Mutual Fund - Equity,2795.38,True
950578,NV406100,2026-05-10,Mutual Fund - Debt,1239.71,True
950579,NV406102,2026-05-20,Direct Stocks,4996.99,True
950580,NV406102,2026-06-27,Direct Stocks,3555.68,True
950581,NV406105,2026-04-10,Mutual Fund - Debt,3890.6,False
950582,NV406133,2026-07-24,Mutual Fund - Debt,18949.58,False
950583,NV406145,2026-07-14,Direct Stocks,12932.89,False
950584,NV406155,2026-05-16,Mutual Fund - Hybrid,18780.27,True
950585,NV406158,2026-05-07,Mutual Fund - Equity,5682.8,True
950586,NV406174,2026-07-22,Mutual Fund - Equity,7419.42,False
950587,NV406191,2026-06-14,Mutual Fund - Hybrid,1241.18,True
950588,NV406193,2026-06-24,Mutual Fund - Equity,883.74,True
950589,NV406219,2026-04-18,Mutual Fund - Equity,4019.65,False
950590,NV406222,2026-04-01,Mutual Fund - Equity,3542.98,False
950591,NV406241,2026-04-02,ETF,8034.62,False
950592,NV406246,2026-05-11,Mutual Fund - Equity,2728.36,True
950593,NV406251,2026-05-05,Direct Stocks,3676.99,True
950594,NV406252,2026-05-13,Mutual Fund - Equity,6231.12,True
950595,NV406267,2026-05-15,Mutual Fund - Hybrid,7691.73,True
950596,NV406277,2026-05-19,Mutual Fund - Debt,5712.77,True
950597,NV406277,2026-06-02,Mutual Fund - Debt,13562.84,True
950598,NV406279,2026-05-10,Mutual Fund - Equity,7445.93,True
950599,NV406279,2026-07-08,Mutual Fund - Equity,5666.27,False
950600,NV406283,2026-07-20,Direct Stocks,24329.4,False
950601,NV406296,2026-06-09,Mutual Fund - Equity,3514.62,True
950602,NV406297,2026-04-11,Mutual Fund - Debt,1612.66,False
950603,NV406297,2026-05-08,Mutual Fund - Debt,7483.84,True
950604,NV406311,2026-06-18,Mutual Fund - Equity,5196.48,True
950605,NV406322,2026-07-02,Direct Stocks,4091.57,False
950606,NV406377,2026-05-15,Mutual Fund - Equity,1160.67,True
950607,NV406391,2026-05-18,Mutual Fund - Debt,2753.65,True
950608,NV406400,2026-04-01,Mutual Fund - Equity,8952.97,False
950609,NV406400,2026-05-15,Mutual Fund - Equity,5469.14,True
950610,NV406405,2026-04-21,Mutual Fund - Equity,5187.47,False
950611,NV406413,2026-06-27,Mutual Fund - Hybrid,3508.26,True
950612,NV406433,2026-04-23,ETF,9215.97,False
950613,NV406433,2026-06-20,ETF,4911.57,True
950614,NV406466,2026-04-07,Mutual Fund - Equity,4383.55,False
950615,NV406470,2026-06-17,ETF,5389.49,True
950616,NV406480,2026-05-26,Mutual Fund - Equity,13141.14,True
950617,NV406482,2026-07-04,Mutual Fund - Hybrid,4227.68,False
950618,NV406504,2026-06-01,Mutual Fund - Hybrid,6318.37,True
950619,NV406543,2026-06-04,Mutual Fund - Hybrid,8600.41,True
950620,NV406545,2026-05-25,Mutual Fund - Equity,2602.01,True
950621,NV406546,2026-05-07,ETF,2595.47,True
950622,NV406548,2026-05-17,Mutual Fund - Equity,4702.25,True
950623,NV406564,2026-07-01,Mutual Fund - Equity,1991.7,False
950624,NV406567,2026-04-01,Direct Stocks,3916.03,False
950625,NV406592,2026-05-12,Mutual Fund - Equity,7171.17,True
950626,NV406603,2026-07-16,Mutual Fund - Hybrid,3208.09,False
950627,NV406604,2026-05-04,Mutual Fund - Debt,4882.82,True
950628,NV406614,2026-05-04,Mutual Fund - Debt,5806.41,True
950629,NV406614,2026-06-04,Mutual Fund - Debt,4451.78,True
950630,NV406615,2026-05-24,Mutual Fund - Equity,1520.78,True
950631,NV406626,2026-05-16,Mutual Fund - Debt,5611.01,True
950632,NV406684,2026-05-12,Mutual Fund - Equity,3482.05,True
950633,NV406709,2026-05-11,Direct Stocks,4974.52,True
950634,NV406718,2026-06-08,Direct Stocks,7086.7,True
950635,NV406727,2026-05-16,Mutual Fund - Equity,3641.29,True
950636,NV406754,2026-04-14,Direct Stocks,5436.25,False
950637,NV406754,2026-05-24,Direct Stocks,6963.81,True
950638,NV406761,2026-07-07,ETF,8647.9,False
950639,NV406782,2026-06-25,Mutual Fund - Debt,12547.19,True
950640,NV406812,2026-05-23,Mutual Fund - Equity,2112.29,True
950641,NV406843,2026-06-18,Mutual Fund - Debt,5944.25,True
950642,NV406884,2026-04-20,Direct Stocks,3429.14,False
950643,NV406884,2026-06-02,Direct Stocks,3822.49,True
950644,NV406885,2026-06-24,Mutual Fund - Debt,6434.82,True
950645,NV406892,2026-06-07,Mutual Fund - Hybrid,7593.41,True
950646,NV406893,2026-06-18,Mutual Fund - Debt,44861.49,True
950647,NV406893,2026-07-02,Mutual Fund - Debt,8938.89,False
950648,NV406912,2026-07-16,ETF,2876.72,False
950649,NV406926,2026-06-18,Mutual Fund - Debt,6243.66,True
950650,NV406952,2026-05-15,Mutual Fund - Equity,2249.69,True
950651,NV406962,2026-04-06,Mutual Fund - Debt,1766.72,False
950652,NV406970,2026-05-05,Mutual Fund - Equity,5523.31,True
950653,NV406986,2026-07-14,Direct Stocks,2802.93,False
950654,NV406998,2026-05-13,Mutual Fund - Equity,2928.46,True
950655,NV407027,2026-04-12,Direct Stocks,7194.39,False
950656,NV407029,2026-05-17,Direct Stocks,5326.31,True
950657,NV407030,2026-07-22,Mutual Fund - Equity,3768.85,False
950658,NV407039,2026-07-13,Mutual Fund - Equity,7821.43,False
950659,NV407045,2026-06-12,Mutual Fund - Equity,3453.74,True
950660,NV407067,2026-04-22,Direct Stocks,8352.43,False
950661,NV407089,2026-04-02,ETF,12313.97,False
950662,NV407107,2026-04-27,Mutual Fund - Equity,1577.8,False
950663,NV407136,2026-06-10,ETF,4206.75,True
950664,NV407175,2026-05-02,Mutual Fund - Hybrid,15050.2,True
950665,NV407179,2026-06-16,Direct Stocks,2323.69,True
950666,NV407183,2026-04-26,Mutual Fund - Equity,6614.44,False
950667,NV407183,2026-05-25,Mutual Fund - Equity,910.9,True
950668,NV407187,2026-04-12,Mutual Fund - Equity,8277.29,False
950669,NV407196,2026-06-04,Mutual Fund - Equity,4323.01,True
950670,NV407199,2026-07-03,Mutual Fund - Debt,1855.18,False
950671,NV407323,2026-07-14,ETF,5746.83,False
950672,NV407330,2026-07-19,Mutual Fund - Equity,2290.15,False
950673,NV407334,2026-04-22,Mutual Fund - Debt,2965.99,False
950674,NV407341,2026-05-17,ETF,2490.76,True
950675,NV407348,2026-07-05,Mutual Fund - Equity,1784.61,False
950676,NV407378,2026-04-23,Mutual Fund - Equity,9696.94,False
950677,NV407432,2026-04-17,Mutual Fund - Debt,8018.57,False
950678,NV407467,2026-05-06,Direct Stocks,13506.15,True
950679,NV407494,2026-06-08,Mutual Fund - Equity,5853.23,True
950680,NV407500,2026-05-27,Direct Stocks,6395.93,True
950681,NV407515,2026-06-14,Mutual Fund - Equity,2912.88,True
950682,NV407532,2026-06-17,Mutual Fund - Hybrid,9821.97,True
950683,NV407540,2026-06-16,Mutual Fund - Equity,11856.53,True
950684,NV407547,2026-04-08,Mutual Fund - Equity,1447.21,False
950685,NV407572,2026-04-21,Mutual Fund - Equity,3752.3,False
950686,NV407621,2026-07-02,Mutual Fund - Equity,19318.88,False
950687,NV407627,2026-05-22,Mutual Fund - Equity,1924.36,True
950688,NV407637,2026-05-16,Mutual Fund - Equity,1137.08,True
950689,NV407640,2026-05-24,Mutual Fund - Hybrid,6438.03,True
950690,NV407644,2026-05-26,Mutual Fund - Hybrid,7718.04,True
950691,NV407654,2026-05-07,Mutual Fund - Equity,3184.21,True
950692,NV407697,2026-07-08,Mutual Fund - Equity,4780.68,False
950693,NV407710,2026-05-11,Mutual Fund - Equity,9846.04,True
950694,NV407718,2026-06-26,Mutual Fund - Equity,2725.58,True
950695,NV407754,2026-05-24,Mutual Fund - Equity,9014.93,True
950696,NV407754,2026-07-16,Mutual Fund - Equity,1423.1,False
950697,NV407761,2026-06-01,Mutual Fund - Equity,4779.66,True
950698,NV407774,2026-06-05,Mutual Fund - Equity,3293.56,True
950699,NV407804,2026-05-06,Direct Stocks,4646.25,True
950700,NV407804,2026-06-06,Direct Stocks,7326.41,True
950701,NV407805,2026-07-12,Mutual Fund - Equity,3587.22,False
950702,NV407808,2026-07-19,Mutual Fund - Equity,3610.46,False
950703,NV407810,2026-05-22,Direct Stocks,4243.28,True
950704,NV407811,2026-07-19,Mutual Fund - Hybrid,6382.78,False
950705,NV407815,2026-05-06,Mutual Fund - Equity,1109.92,True
950706,NV407815,2026-07-19,Mutual Fund - Equity,4689.72,False
950707,NV407819,2026-05-12,Mutual Fund - Debt,12401.84,True
950708,NV407819,2026-07-15,Mutual Fund - Debt,1185.44,False
950709,NV407822,2026-06-27,Mutual Fund - Equity,8186.57,True
950710,NV407860,2026-04-19,Mutual Fund - Equity,2822.13,False
950711,NV407868,2026-07-17,Mutual Fund - Equity,4778.99,False
950712,NV407870,2026-07-14,Mutual Fund - Hybrid,1896.94,False
950713,NV407872,2026-05-02,Mutual Fund - Debt,7484.62,True
950714,NV407875,2026-04-04,Direct Stocks,23261.25,False
950715,NV407904,2026-07-22,Direct Stocks,7137.45,False
950716,NV407953,2026-07-03,Mutual Fund - Equity,4972.17,False
950717,NV407974,2026-07-13,Direct Stocks,5565.62,False
950718,NV408054,2026-06-10,Mutual Fund - Hybrid,4338.56,True
950719,NV408116,2026-07-22,Mutual Fund - Equity,1937.34,False
950720,NV408118,2026-06-08,ETF,5221.49,True
950721,NV408126,2026-05-19,Mutual Fund - Hybrid,2519.69,True
950722,NV408148,2026-05-21,Direct Stocks,11027.02,True
950723,NV408148,2026-06-17,Direct Stocks,12135.18,True
950724,NV408194,2026-05-01,Mutual Fund - Equity,9742.86,True
950725,NV408194,2026-06-16,Mutual Fund - Equity,5659.29,True
950726,NV408221,2026-05-26,Mutual Fund - Equity,6239.63,True
950727,NV408225,2026-06-07,Mutual Fund - Debt,5869.37,True
950728,NV408241,2026-06-24,Mutual Fund - Debt,1252.96,True
950729,NV408248,2026-06-24,Direct Stocks,6397.73,True
950730,NV408259,2026-05-02,Mutual Fund - Hybrid,6421.87,True
950731,NV408263,2026-05-25,Mutual Fund - Debt,3960.32,True
950732,NV408289,2026-07-25,Direct Stocks,15033.41,False
950733,NV408328,2026-05-20,Direct Stocks,2096.08,True
950734,NV408328,2026-06-10,Direct Stocks,7476.85,True
950735,NV408334,2026-05-06,Mutual Fund - Equity,3220.69,True
950736,NV408385,2026-06-27,ETF,15015.22,True
950737,NV408427,2026-07-06,Mutual Fund - Debt,5318.18,False
950738,NV408448,2026-06-10,Mutual Fund - Debt,1212.07,True
950739,NV408472,2026-06-21,Mutual Fund - Equity,1989.65,True
950740,NV408473,2026-06-15,Mutual Fund - Equity,4579.15,True
950741,NV408507,2026-05-19,Direct Stocks,6869.02,True
950742,NV408508,2026-06-03,Mutual Fund - Equity,3739.74,True
950743,NV408520,2026-05-26,Mutual Fund - Equity,14356.86,True
950744,NV408548,2026-06-08,Direct Stocks,3197.85,True
950745,NV408557,2026-05-13,Direct Stocks,14201.89,True
950746,NV408583,2026-06-20,Mutual Fund - Equity,3498.41,True
950747,NV408604,2026-07-13,Direct Stocks,5865.12,False
950748,NV408620,2026-05-03,Mutual Fund - Debt,6894.5,True
950749,NV408625,2026-07-03,Mutual Fund - Equity,2521.47,False
950750,NV408631,2026-07-13,ETF,3740.01,False
950751,NV408645,2026-07-23,Direct Stocks,3617.08,False
950752,NV408652,2026-06-07,Mutual Fund - Debt,1649.69,True
950753,NV408677,2026-07-16,Mutual Fund - Debt,1205.65,False
950754,NV408691,2026-05-11,Direct Stocks,28321.63,True
950755,NV408747,2026-05-21,Direct Stocks,10845.99,True
950756,NV408759,2026-06-18,Mutual Fund - Hybrid,15089.85,True
950757,NV408775,2026-05-25,Direct Stocks,2296.7,True
950758,NV408776,2026-05-26,ETF,4128.14,True
950759,NV408776,2026-06-24,ETF,13489.12,True
950760,NV408782,2026-07-18,Mutual Fund - Equity,4506.24,False
950761,NV408803,2026-05-24,Mutual Fund - Equity,1599.66,True
950762,NV408813,2026-05-03,Direct Stocks,3590.41,True
950763,NV408814,2026-05-16,Mutual Fund - Debt,1722.62,True
950764,NV408829,2026-06-24,Direct Stocks,6773.77,True
950765,NV408836,2026-05-03,Mutual Fund - Equity,5065.33,True
950766,NV408839,2026-05-22,Direct Stocks,5409.16,True
950767,NV408856,2026-05-15,Direct Stocks,2001.88,True
950768,NV408858,2026-05-14,Mutual Fund - Hybrid,5052.26,True
950769,NV408859,2026-05-12,Mutual Fund - Equity,5901.79,True
950770,NV408859,2026-06-20,Mutual Fund - Equity,9736.52,True
950771,NV408886,2026-06-17,Direct Stocks,3600.65,True
950772,NV408903,2026-06-13,Mutual Fund - Equity,6357.45,True
950773,NV408945,2026-06-23,ETF,4223.25,True
950774,NV408956,2026-06-08,Mutual Fund - Equity,2774.38,True
950775,NV409003,2026-06-18,Mutual Fund - Hybrid,7241.86,True
950776,NV409009,2026-07-26,Direct Stocks,3422.72,False
950777,NV409018,2026-07-17,Mutual Fund - Equity,3611.65,False
950778,NV409024,2026-05-12,ETF,2690.84,True
950779,NV409037,2026-06-22,Mutual Fund - Equity,1111.68,True
950780,NV409038,2026-05-26,Mutual Fund - Equity,3526.22,True
950781,NV409071,2026-06-20,Mutual Fund - Equity,14457.81,True
950782,NV409107,2026-06-15,Direct Stocks,3511.14,True
950783,NV409122,2026-05-21,Direct Stocks,10091.4,True
950784,NV409164,2026-06-10,Mutual Fund - Equity,5403.75,True
950785,NV409165,2026-07-19,Mutual Fund - Debt,10790.83,False
950786,NV409192,2026-05-14,Mutual Fund - Debt,3027.43,True
950787,NV409218,2026-06-04,Mutual Fund - Equity,10766.65,True
950788,NV409253,2026-05-13,Mutual Fund - Equity,1883.59,True
950789,NV409253,2026-06-20,Mutual Fund - Equity,2728.34,True
950790,NV409258,2026-06-07,Mutual Fund - Equity,1756.5,True
950791,NV409273,2026-06-08,Mutual Fund - Hybrid,564.28,True
950792,NV409282,2026-05-12,Mutual Fund - Equity,4810.35,True
950793,NV409285,2026-06-15,Mutual Fund - Equity,10029.9,True
950794,NV409287,2026-05-11,Mutual Fund - Hybrid,3278.32,True
950795,NV409326,2026-05-05,Mutual Fund - Equity,3052.21,True
950796,NV409326,2026-06-15,Mutual Fund - Equity,8440.53,True
950797,NV409376,2026-06-13,Mutual Fund - Equity,11667.55,True
950798,NV409402,2026-06-21,Direct Stocks,2741.25,True
950799,NV409405,2026-06-19,Mutual Fund - Equity,8286.78,True
950800,NV409448,2026-06-23,Direct Stocks,4562.25,True
950801,NV409468,2026-05-09,Mutual Fund - Equity,4543.43,True
950802,NV409470,2026-05-11,Mutual Fund - Equity,3208.31,True
950803,NV409470,2026-06-21,Mutual Fund - Equity,7753.01,True
950804,NV409482,2026-07-15,Direct Stocks,4095.32,False
950805,NV409490,2026-05-11,Mutual Fund - Equity,3309.6,True
950806,NV409498,2026-05-02,Direct Stocks,4389.52,True
950807,NV409505,2026-07-15,Mutual Fund - Equity,2716.25,False
950808,NV409534,2026-07-17,Direct Stocks,4038.06,False
950809,NV409548,2026-07-25,Direct Stocks,1139.76,False
950810,NV409550,2026-07-16,Direct Stocks,6937.47,False
